month,bows,dyeing,printing
2025-01,1757201.1473,5208706.77824,301989.74399999995
2025-02,2078203.1877500012,8560975.36363999,211767.26760000002
2025-03,1687217.1235000002,7156195.061272,524521.7856
2025-04,1257317.8080000004,5586833.42889602,0.0
2025-05,1696439.8688,3813270.2970519997,2729355.526799999
2025-06,1931139.6385000004,5075615.942396,262595.27642
2025-07,2190887.4998500003,7444555.23,968356.9151999998
2025-08,2199072.9702,5390019.765135997,2078391.9552000004
2026-01,2104324.4299999997,5865734.926368002,810202.4283599999
2026-02,1817751.8399999999,6624946.963440002,1119537.574992
2026-03,1834994.3600000003,6690467.448208004,877930.509312
2026-04,1567979.44,7640053.25276001,1796662.4409999999
2026-05,2442334.8899999997,6006984.232920001,1384459.11976
2026-06,2310469.3900000006,7037716.745463994,4586077.222096
2026-07,1939141.0,4293226.0,353602.0
2026-08,1009842.0,7230866.0,718839.0
